<?xml version="1.0" encoding="UTF-8" ?> <frame bg_color="0xccba70" nav_color="0x300b6" name="1210999854"> <text_group> <text layer="0" x="20" y="20" width="300" height="30" txt="Click to edit text" font="courier new" size="24" color="0" bold="0" italic="0" underline="0" link="www.edlt.com" /><text layer="" x="" y="" width="" height="" txt="" font="" size="" color="" bold="" italic="" underline="" link="" /></text_group> <image_group> <image layer="0" x="263" y="78" width="94" height="178" file="images/0430_374611.jpg" link="" /><image layer="" x="" y="" width="" height="" file="" link="" /></image_group></frame>